[
    {
        "id": 1,
        "name": "Sugar",
        "sku": "P001",
        "category_id": 1,
        "retail_price": 42.5,
        "available": 42,
        "hold_quantity": 10,
        "expiry_date": "2023-12-31",
        "created_at": "2023-01-15"
    },
    {
        "id": 2,
        "name": "Rice",
        "sku": "P002",
        "category_id": 1,
        "retail_price": 55,
        "available": 30,
        "hold_quantity": 10,
        "expiry_date": "2023-12-31",
        "created_at": "2023-02-20"
    },
    {
        "id": 3,
        "name": "Salt",
        "sku": "P003",
        "category_id": 1,
        "retail_price": 20,
        "available": 15,
        "hold_quantity": 5,
        "expiry_date": "2024-05-15",
        "created_at": "2023-03-10"
    },
    {
        "id": 4,
        "name": "Wheat",
        "sku": "P004",
        "category_id": 1,
        "retail_price": 45.25,
        "available": 7,
        "hold_quantity": 3,
        "expiry_date": "2023-11-20",
        "created_at": "2023-01-25"
    },
    {
        "id": 5,
        "name": "Oil",
        "sku": "P005",
        "category_id": 2,
        "retail_price": 125,
        "available": 22,
        "hold_quantity": 7,
        "expiry_date": "2023-10-31",
        "created_at": "2023-02-15"
    },
    {
        "id": 6,
        "name": "Tea",
        "sku": "P006",
        "category_id": 2,
        "retail_price": 85.5,
        "available": 50,
        "hold_quantity": 10,
        "expiry_date": "2023-12-15",
        "created_at": "2023-03-05"
    },
    {
        "id": 7,
        "name": "Corn",
        "sku": "P007",
        "category_id": 1,
        "retail_price": 35.75,
        "available": 41,
        "hold_quantity": 10,
        "expiry_date": "2023-11-30",
        "created_at": "2023-02-10"
    },
    {
        "id": 8,
        "name": "Pasta",
        "sku": "P008",
        "category_id": 3,
        "retail_price": 60.25,
        "available": 0,
        "hold_quantity": 0,
        "expiry_date": "2023-10-25",
        "created_at": "2023-01-20"
    },
    {
        "id": 9,
        "name": "Juice",
        "sku": "P009",
        "category_id": 4,
        "retail_price": 95,
        "available": 3,
        "hold_quantity": 1,
        "expiry_date": "2023-09-15",
        "created_at": "2023-03-15"
    },
    {
        "id": 10,
        "name": "SIOMAI",
        "sku": "12131",
        "description": "meow",
        "category_id": 1,
        "retail_price": 20,
        "buying_price": 20,
        "available": 2,
        "hold_quantity": 0,
        "expiry_date": "2222-02-22",
        "created_at": "2025-05-14",
        "threshold_value": 5,
        "discount": 1,
        "unit": "3"
    }
]